name,dim,problem,grid,n_active,volfrac,mpm_compliance,ref_compliance,mpm_volume,ref_volume,mpm_gray,ref_gray,correlation,mpm_time_s,ref_time_s
cantilever_2d,2,cantilever,60x20,1200,0.5,175.39401117643166,175.39387782942265,0.49999930788813673,0.49999953088784593,0.033796830613616796,0.033795112886613646,0.9999999985834419,49.7916774591431,1.4568133749999106
mbb_2d,2,mbb,60x20,1200,0.5,195.20512390027235,195.20529466089027,0.5000002388535826,0.499999204148444,0.035017247685182475,0.035016503410842,0.9999999996292647,54.47692449996248,1.3634511670097709
lbracket_2d,2,lbracket,40x40,1200,0.4,90.54586734452108,90.54572458929523,0.39999906732726054,0.39999986463375575,0.02753597731696155,0.027534374118889746,0.9999999999258966,50.80863212514669,1.4490622500889003
cantilever_3d,3,cantilever,30x10x6,1800,0.3,46.05497017499399,46.05497471431519,0.29999892315524557,0.2999988996192047,0.05481009707377133,0.054809936963777825,0.9999999999740983,58.48627070803195,37.94927274994552
bridge_3d,3,bridge,30x10x6,1800,0.3,6.20776591689207,6.207763372560295,0.3000000797563208,0.3000006673007835,0.0435963678907135,0.043597245649556006,0.9999999998618982,30.08400966739282,41.594130916986614
